min, max, average, variance, standard deviation
-154, 16902, 1.2041671665555287, 244.78902596369443, 15.645735072654606
